﻿<?xml version="1.0" encoding="utf-8" standalone="no" ?>
<modDesc descVersion="46">

   <author>LS-Farmers</author>
   	
	<version>0.0.0.2</version>
   
    <title>
		<en>Fuellevel Warning</en>
		<de>Tankwarnung</de>
    </title>
	
    <description>
		<en>
		<![CDATA[
		]]>
		</en>
		
		<de>
		<![CDATA[
		]]>
		</de>
 	</description>	
    <multiplayer supported="true"/>
	<iconFilename>icon.dds</iconFilename>
	
	<extraSourceFiles>
        <sourceFile filename="register.lua" />
    </extraSourceFiles>
</modDesc>